DRGDefinition,ProviderId,ProviderName,ProviderStreetAddress,ProviderCity,ProviderState,ProviderZipCode,HospitalReferralRegionDescription,TotalDischarges,AverageCoveredCharges,AverageTotalPayments,AverageMedicarePayments
039 - EXTRACRANIAL PROCEDURES W/O CC/MCC,10001,SOUTHEAST ALABAMA MEDICAL CENTER,1108 ROSS CLARK CIRCLE,DOTHAN,AL,36301,AL - Dothan,91,32963.07,5777.24,4763.73
039 - EXTRACRANIAL PROCEDURES W/O CC/MCC,10005,MARSHALL MEDICAL CENTER SOUTH,2505 U S HIGHWAY 431 NORTH,BOAZ,AL,35957,AL - Birmingham,14,15131.85,5787.57,4976.71
039 - EXTRACRANIAL PROCEDURES W/O CC/MCC,10006,ELIZA COFFEE MEMORIAL HOSPITAL,205 MARENGO STREET,FLORENCE,AL,35631,AL - Birmingham,24,37560.37,5434.95,4453.79
039 - EXTRACRANIAL PROCEDURES W/O CC/MCC,10011,ST VINCENT'S EAST,50 MEDICAL PARK EAST DRIVE,BIRMINGHAM,AL,35235,AL - Birmingham,25,13998.28,5417.56,4129.16
039 - EXTRACRANIAL PROCEDURES W/O CC/MCC,10016,SHELBY BAPTIST MEDICAL CENTER,1000 FIRST STREET NORTH,ALABASTER,AL,35007,AL - Birmingham,18,31633.27,5658.33,4851.44
039 - EXTRACRANIAL PROCEDURES W/O CC/MCC,10023,BAPTIST MEDICAL CENTER SOUTH,2105 EAST SOUTH BOULEVARD,MONTGOMERY,AL,36116,AL - Montgomery,67,16920.79,6653.80,5374.14
039 - EXTRACRANIAL PROCEDURES W/O CC/MCC,10029,EAST ALABAMA MEDICAL CENTER AND SNF,2000 PEPPERELL PARKWAY,OPELIKA,AL,36801,AL - Birmingham,51,11977.13,5834.74,4761.41
039 - EXTRACRANIAL PROCEDURES W/O CC/MCC,10033,UNIVERSITY OF ALABAMA HOSPITAL,619 SOUTH 19TH STREET,BIRMINGHAM,AL,35233,AL - Birmingham,32,35841.09,8031.12,5858.50
039 - EXTRACRANIAL PROCEDURES W/O CC/MCC,10039,HUNTSVILLE HOSPITAL,101 SIVLEY RD,HUNTSVILLE,AL,35801,AL - Huntsville,135,28523.39,6113.38,5228.40
039 - EXTRACRANIAL PROCEDURES W/O CC/MCC,10040,GADSDEN REGIONAL MEDICAL CENTER,1007 GOODYEAR AVENUE,GADSDEN,AL,35903,AL - Birmingham,34,75233.38,5541.05,4386.94
039 - EXTRACRANIAL PROCEDURES W/O CC/MCC,10046,RIVERVIEW REGIONAL MEDICAL CENTER,600 SOUTH THIRD STREET,GADSDEN,AL,35901,AL - Birmingham,14,67327.92,5461.57,4493.57
039 - EXTRACRANIAL PROCEDURES W/O CC/MCC,10055,FLOWERS HOSPITAL,4370 WEST MAIN STREET,DOTHAN,AL,36305,AL - Dothan,45,39607.28,5356.28,4408.20
039 - EXTRACRANIAL PROCEDURES W/O CC/MCC,10056,ST VINCENT'S BIRMINGHAM,810 ST VINCENT'S DRIVE,BIRMINGHAM,AL,35205,AL - Birmingham,43,22862.23,5374.65,4186.02
039 - EXTRACRANIAL PROCEDURES W/O CC/MCC,10078,NORTHEAST ALABAMA REGIONAL MED CENTER,400 EAST 10TH STREET,ANNISTON,AL,36207,AL - Birmingham,21,31110.85,5366.23,4376.23
039 - EXTRACRANIAL PROCEDURES W/O CC/MCC,10083,SOUTH BALDWIN REGIONAL MEDICAL CENTER,1613 NORTH MCKENZIE STREET,FOLEY,AL,36535,AL - Mobile,15,25411.33,5282.93,4383.73
039 - EXTRACRANIAL PROCEDURES W/O CC/MCC,10085,DECATUR GENERAL HOSPITAL,1201 7TH STREET SE,DECATUR,AL,35609,AL - Huntsville,27,9234.51,5676.55,4509.11
039 - EXTRACRANIAL PROCEDURES W/O CC/MCC,10090,PROVIDENCE HOSPITAL,6801 AIRPORT BOULEVARD,MOBILE,AL,36608,AL - Mobile,27,15895.85,5930.11,3972.85
039 - EXTRACRANIAL PROCEDURES W/O CC/MCC,10092,D C H REGIONAL MEDICAL CENTER,809 UNIVERSITY BOULEVARD EAST,TUSCALOOSA,AL,35401,AL - Tuscaloosa,31,19721.16,6192.54,5179.38
039 - EXTRACRANIAL PROCEDURES W/O CC/MCC,10100,THOMAS HOSPITAL,750 MORPHY AVENUE,FAIRHOPE,AL,36532,AL - Mobile,18,10710.88,4968.00,3898.88
039 - EXTRACRANIAL PROCEDURES W/O CC/MCC,10103,BAPTIST MEDICAL CENTER-PRINCETON,701 PRINCETON AVENUE SOUTHWEST,BIRMINGHAM,AL,35211,AL - Birmingham,33,51343.75,5996.00,4962.45
039 - EXTRACRANIAL PROCEDURES W/O CC/MCC,10104,TRINITY MEDICAL CENTER,800 MONTCLAIR RD,BIRMINGHAM,AL,35213,AL - Birmingham,29,55219.31,5710.31,4471.68
039 - EXTRACRANIAL PROCEDURES W/O CC/MCC,10113,MOBILE INFIRMARY,5 MOBILE INFIRMARY CIRCLE,MOBILE,AL,36652,AL - Mobile,66,14948.15,5550.90,4219.90
039 - EXTRACRANIAL PROCEDURES W/O CC/MCC,10139,BROOKWOOD MEDICAL CENTER,2010 BROOKWOOD MEDICAL CENTER DRIVE,BIRMINGHAM,AL,35209,AL - Birmingham,19,73846.21,4987.26,3944.42
039 - EXTRACRANIAL PROCEDURES W/O CC/MCC,20017,ALASKA REGIONAL HOSPITAL,2801 DEBARR ROAD,ANCHORAGE,AK,99508,AK - Anchorage,23,34805.13,8401.95,6413.78
039 - EXTRACRANIAL PROCEDURES W/O CC/MCC,30002,BANNER GOOD SAMARITAN MEDICAL CENTER,1111 EAST MCDOWELL ROAD,PHOENIX,AZ,85006,AZ - Phoenix,11,34803.81,7768.90,6951.45
039 - EXTRACRANIAL PROCEDURES W/O CC/MCC,30006,TUCSON MEDICAL CENTER,5301 EAST GRANT ROAD,TUCSON,AZ,85712,AZ - Tucson,40,24474.75,6799.85,5764.87
039 - EXTRACRANIAL PROCEDURES W/O CC/MCC,30007,VERDE VALLEY MEDICAL CENTER,269 SOUTH CANDY LANE,COTTONWOOD,AZ,86326,AZ - Phoenix,18,28571.61,9133.00,8008.11
039 - EXTRACRANIAL PROCEDURES W/O CC/MCC,30010,CARONDELET ST  MARYS HOSPITAL,1601 WEST ST MARY'S ROAD,TUCSON,AZ,85745,AZ - Tucson,12,35968.50,6506.50,5379.83
039 - EXTRACRANIAL PROCEDURES W/O CC/MCC,30011,CARONDELET ST JOSEPHS HOSPITAL,350 NORTH WILMOT ROAD,TUCSON,AZ,85711,AZ - Tucson,42,26294.52,6083.42,4903.33
039 - EXTRACRANIAL PROCEDURES W/O CC/MCC,30012,YAVAPAI REGIONAL MEDICAL CENTER,1003 WILLOW CREEK ROAD,PRESCOTT,AZ,86301,AZ - Phoenix,28,26771.78,7140.85,6133.57
039 - EXTRACRANIAL PROCEDURES W/O CC/MCC,30013,YUMA REGIONAL MEDICAL CENTER,2400 SOUTH AVENUE A,YUMA,AZ,85364,AZ - Phoenix,20,29967.80,6978.75,5969.55
039 - EXTRACRANIAL PROCEDURES W/O CC/MCC,30023,FLAGSTAFF MEDICAL CENTER,1200 NORTH BEAVER STREET,FLAGSTAFF,AZ,86001,AZ - Phoenix,15,27349.40,11026.33,9056.06
039 - EXTRACRANIAL PROCEDURES W/O CC/MCC,30024,ST JOSEPH'S HOSPITAL AND MEDICAL CENTER,350 WEST THOMAS ROAD,PHOENIX,AZ,85013,AZ - Phoenix,18,59443.83,8487.44,7422.66
039 - EXTRACRANIAL PROCEDURES W/O CC/MCC,30030,PHOENIX BAPTIST HOSPITAL,2000 WEST BETHANY HOME ROAD,PHOENIX,AZ,85015,AZ - Phoenix,42,24714.66,7673.21,6541.92
039 - EXTRACRANIAL PROCEDURES W/O CC/MCC,30038,SCOTTSDALE HEALTHCARE-OSBORN MEDICAL CENTER,7400 EAST OSBORN ROAD,SCOTTSDALE,AZ,85251,AZ - Phoenix,13,37706.00,6590.23,5473.00
039 - EXTRACRANIAL PROCEDURES W/O CC/MCC,30061,BANNER BOSWELL MEDICAL CENTER,10401 WEST THUNDERBIRD BOULEVARD,SUN CITY,AZ,85351,AZ - Sun City,62,38149.85,6048.61,4951.90
039 - EXTRACRANIAL PROCEDURES W/O CC/MCC,30062,SUMMIT HEALTHCARE REGIONAL MEDICAL CENTER,2200 SHOW LOW LAKE ROAD,SHOW LOW,AZ,85901,AZ - Phoenix,17,15931.52,10000.82,7321.64
039 - EXTRACRANIAL PROCEDURES W/O CC/MCC,30065,BANNER DESERT MEDICAL CENTER,1400 SOUTH  DOBSON ROAD,MESA,AZ,85202,AZ - Mesa,25,29718.48,7551.40,4846.36
039 - EXTRACRANIAL PROCEDURES W/O CC/MCC,30069,HAVASU REGIONAL MEDICAL CENTER,101 CIVIC CENTER LANE,LAKE HAVASU CIT,AZ,86403,AZ - Phoenix,36,25259.66,6605.19,5665.41
039 - EXTRACRANIAL PROCEDURES W/O CC/MCC,30087,SCOTTSDALE HEALTHCARE-SHEA MEDICAL CENTER,9003 EAST SHEA BOULEVARD,SCOTTSDALE,AZ,85260,AZ - Phoenix,27,39165.92,6051.18,5174.25
039 - EXTRACRANIAL PROCEDURES W/O CC/MCC,30089,BANNER THUNDERBIRD MEDICAL CENTER,5555 WEST THUNDERBIRD ROAD,GLENDALE,AZ,85306,AZ - Phoenix,15,26776.33,6907.06,5854.80
039 - EXTRACRANIAL PROCEDURES W/O CC/MCC,30092,JOHN C LINCOLN DEER VALLEY HOSPITAL,19829 NORTH 27TH AVENUE,PHOENIX,AZ,85027,AZ - Phoenix,11,24560.00,7079.36,5204.54
039 - EXTRACRANIAL PROCEDURES W/O CC/MCC,30093,BANNER DEL E WEBB MEDICAL CENTER,14502 WEST MEEKER BOULEVARD,SUN CITY WEST,AZ,85375,AZ - Sun City,12,54050.58,6061.50,5312.16
039 - EXTRACRANIAL PROCEDURES W/O CC/MCC,30094,ARROWHEAD HOSPITAL,18701 NORTH 67TH AVENUE,GLENDALE,AZ,85308,AZ - Phoenix,13,32998.00,7046.00,6264.76
039 - EXTRACRANIAL PROCEDURES W/O CC/MCC,30100,CARONDELET HEART AND VASCULAR INSTITUTE,4888 NORTH STONE AVENUE,TUCSON,AZ,85704,AZ - Tucson,14,25757.64,5976.00,3592.85
039 - EXTRACRANIAL PROCEDURES W/O CC/MCC,30101,WESTERN ARIZONA REGIONAL MEDICAL CTR,2735 SILVER CREEK ROAD,BULLHEAD CITY,AZ,86442,NV - Las Vegas,26,60608.69,6941.03,5652.65
039 - EXTRACRANIAL PROCEDURES W/O CC/MCC,30103,MAYO CLINIC HOSPITAL,5777 EAST MAYO BOULEVARD,PHOENIX,AZ,85054,AZ - Phoenix,25,29774.12,7768.76,5674.20
039 - EXTRACRANIAL PROCEDURES W/O CC/MCC,30105,BANNER HEART HOSPITAL,6750 EAST BAYWOOD AVENUE,MESA,AZ,85206,AZ - Mesa,64,43823.20,6291.95,4788.12
039 - EXTRACRANIAL PROCEDURES W/O CC/MCC,40004,WASHINGTON REGIONAL MED CTR AT NORTH HILLS,3215 N NORTH HILLS BLVD,FAYETTEVILLE,AR,72703,AR - Springdale,39,30470.56,5811.56,4372.61
039 - EXTRACRANIAL PROCEDURES W/O CC/MCC,40007,ST VINCENT INFIRMARY MEDICAL CENTER,TWO ST VINCENT CIRCLE,LITTLE ROCK,AR,72205,AR - Little Rock,55,27734.89,6051.92,4837.54
039 - EXTRACRANIAL PROCEDURES W/O CC/MCC,40010,MERCY MEDICAL CENTER,2710 RIFE MEDICAL LANE,ROGERS,AR,72758,AR - Springdale,12,17593.33,5509.00,4576.33
039 - EXTRACRANIAL PROCEDURES W/O CC/MCC,40020,ST BERNARDS MEDICAL CTR,225 E JACKSON,JONESBORO,AR,72401,AR - Jonesboro,48,11057.06,6208.77,5247.85
039 - EXTRACRANIAL PROCEDURES W/O CC/MCC,40022,"NW ARKANSAS HOSPITALS, LLC",609 WEST MAPLE AVENUE,SPRINGDALE,AR,72764,AR - Springdale,19,37470.73,6153.21,4234.68
039 - EXTRACRANIAL PROCEDURES W/O CC/MCC,40026,ST JOSEPHS MERCY HEALTH CENTER INC,300 WERNER STREET,HOT SPRINGS,AR,71903,AR - Little Rock,41,19270.63,5806.41,4759.70
039 - EXTRACRANIAL PROCEDURES W/O CC/MCC,40027,BAXTER REGIONAL MEDICAL CENTER,624 HOSPITAL DRIVE,MOUNTAIN HOME,AR,72653,MO - Springfield,76,16582.34,5496.31,4424.64
039 - EXTRACRANIAL PROCEDURES W/O CC/MCC,40029,CONWAY REGIONAL MEDICAL CENTER,2302 COLLEGE AVENUE,CONWAY,AR,72034,AR - Little Rock,17,11406.17,5623.52,4569.41
039 - EXTRACRANIAL PROCEDURES W/O CC/MCC,40036,BAPTIST HEALTH MEDICAL CENTER NORTH LITTLE ROCK,3333 SPRINGHILL DRIVE,NORTH LITTLE RO,AR,72117,AR - Little Rock,35,23182.42,5575.00,4622.34
039 - EXTRACRANIAL PROCEDURES W/O CC/MCC,40062,ST EDWARD MERCY MEDICAL CENTER,7301 ROGERS AVE,FORT SMITH,AR,72917,AR - Fort Smith,26,14799.30,5489.53,4263.19
039 - EXTRACRANIAL PROCEDURES W/O CC/MCC,40071,JEFFERSON REGIONAL MEDICAL CENTER,1600 WEST 40TH AVENUE,PINE BLUFF,AR,71603,AR - Little Rock,12,29474.08,6529.00,5682.66
039 - EXTRACRANIAL PROCEDURES W/O CC/MCC,40078,NATIONAL PARK MEDICAL CENTER,1910 MALVERN AVENUE,HOT SPRINGS,AR,71901,AR - Little Rock,18,98388.77,9838.11,8533.83
039 - EXTRACRANIAL PROCEDURES W/O CC/MCC,40114,BAPTIST HEALTH MEDICAL CENTER-LITTLE ROCK,"9601 INTERSTATE 630, EXIT 7",LITTLE ROCK,AR,72205,AR - Little Rock,139,25076.64,5968.44,4592.46
039 - EXTRACRANIAL PROCEDURES W/O CC/MCC,40118,NEA BAPTIST MEMORIAL HOSPITAL,3024 STADIUM BOULEVARD,JONESBORO,AR,72401,AR - Jonesboro,22,29442.36,6451.86,5067.77
039 - EXTRACRANIAL PROCEDURES W/O CC/MCC,40119,WHITE RIVER MEDICAL CENTER,1710 HARRISON STREET,BATESVILLE,AR,72503,AR - Little Rock,27,22973.00,6163.03,5166.29
039 - EXTRACRANIAL PROCEDURES W/O CC/MCC,40134,ARKANSAS HEART HOSPITAL,1701 S SHACKLEFORD ROAD,LITTLE ROCK,AR,72211,AR - Little Rock,66,24489.93,5225.59,4068.10
039 - EXTRACRANIAL PROCEDURES W/O CC/MCC,50006,ST JOSEPH HOSPITAL,2700 DOLBEER ST,EUREKA,CA,95501,CA - Redding,48,44664.45,8227.14,6936.52
039 - EXTRACRANIAL PROCEDURES W/O CC/MCC,50007,PENINSULA MEDICAL CENTER,1501 TROUSDALE DRIVE,BURLINGAME,CA,94010,CA - San Mateo County,16,51950.87,7863.00,6872.50
039 - EXTRACRANIAL PROCEDURES W/O CC/MCC,50013,ST HELENA HOSPITAL,10 WOODLAND ROAD,SAINT HELENA,CA,94574,CA - Napa,17,105929.47,9438.00,8376.35
039 - EXTRACRANIAL PROCEDURES W/O CC/MCC,50017,MERCY GENERAL HOSPITAL,4001 J ST,SACRAMENTO,CA,95819,CA - Sacramento,27,66207.66,10863.22,6924.70
039 - EXTRACRANIAL PROCEDURES W/O CC/MCC,50026,GROSSMONT HOSPITAL,5555 GROSSMONT CENTER DRIVE BOX 58,LA MESA,CA,91942,CA - San Diego,26,40062.46,7449.80,6358.07
039 - EXTRACRANIAL PROCEDURES W/O CC/MCC,50036,BAKERSFIELD MEMORIAL HOSPITAL,420 34TH ST BOX 1888,BAKERSFIELD,CA,93301,CA - Bakersfield,21,53334.80,8012.23,6213.19
039 - EXTRACRANIAL PROCEDURES W/O CC/MCC,50039,ENLOE MEDICAL CENTER,1531 ESPLANADE,CHICO,CA,95926,CA - Chico,56,42446.30,6967.73,5966.62
039 - EXTRACRANIAL PROCEDURES W/O CC/MCC,50056,ANTELOPE VALLEY HOSPITAL MED CENTER,1600 W AVE J,LANCASTER,CA,93534,CA - Los Angeles,15,27027.93,8333.86,6639.33
039 - EXTRACRANIAL PROCEDURES W/O CC/MCC,50057,KAWEAH DELTA MEDICAL CENTER,400 W MINERAL KING AVE,VISALIA,CA,93291,CA - Bakersfield,52,30686.01,7562.26,6247.48
039 - EXTRACRANIAL PROCEDURES W/O CC/MCC,50058,GLENDALE MEM HOSPITAL & HLTH CENTER,1420 S CENTRAL AVE,GLENDALE,CA,91204,CA - Los Angeles,11,65099.54,11082.18,10056.00
039 - EXTRACRANIAL PROCEDURES W/O CC/MCC,50069,ST JOSEPH HOSPITAL,1100 WEST STEWART DR,ORANGE,CA,92868,CA - Orange County,40,35690.02,7188.90,6347.10
039 - EXTRACRANIAL PROCEDURES W/O CC/MCC,50077,SCRIPPS MERCY HOSPITAL,4077 5TH AVE,SAN DIEGO,CA,92103,CA - San Diego,13,57187.30,8791.69,7925.84
039 - EXTRACRANIAL PROCEDURES W/O CC/MCC,50082,ST JOHNS REGIONAL MEDICAL CENTER,1600 N ROSE AVE,OXNARD,CA,93030,CA - Ventura,28,72051.89,8009.17,6393.35
039 - EXTRACRANIAL PROCEDURES W/O CC/MCC,50084,ST JOSEPHS MED CENTER OF STOCKTON,1800 N CALIFORNIA ST,STOCKTON,CA,95204,CA - Stockton,66,59184.74,8628.40,7758.53
039 - EXTRACRANIAL PROCEDURES W/O CC/MCC,50093,SAINT AGNES MEDICAL CENTER,1303 E HERNDON AVE,FRESNO,CA,93710,CA - Fresno,34,41460.67,7471.70,6580.29
039 - EXTRACRANIAL PROCEDURES W/O CC/MCC,50107,MARIAN MEDICAL CENTER,1400 E CHURCH ST,SANTA MARIA,CA,93454,CA - Santa Barbara,34,51983.85,7992.35,6967.76
039 - EXTRACRANIAL PROCEDURES W/O CC/MCC,50108,SUTTER GENERAL HOSPITAL,2801 L STREET,SACRAMENTO,CA,95816,CA - Sacramento,67,60997.16,8894.85,7905.65
039 - EXTRACRANIAL PROCEDURES W/O CC/MCC,50115,PALOMAR MEDICAL CENTER,555 E VALLEY PARKWAY,ESCONDIDO,CA,92025,CA - San Diego,12,44775.91,6992.33,5583.00
039 - EXTRACRANIAL PROCEDURES W/O CC/MCC,50128,TRI-CITY MEDICAL CENTER,4002 VISTA WAY,OCEANSIDE,CA,92056,CA - San Diego,26,52977.92,7548.76,6598.30
039 - EXTRACRANIAL PROCEDURES W/O CC/MCC,50133,RIDEOUT MEMORIAL HOSPITAL,726 4TH ST,MARYSVILLE,CA,95901,CA - Sacramento,27,45246.74,7863.14,6946.70
039 - EXTRACRANIAL PROCEDURES W/O CC/MCC,50168,ST JUDE MEDICAL CENTER,101 E VALENCIA MESA DRIVE,FULLERTON,CA,92835,CA - Orange County,16,39046.81,6710.81,5465.62
039 - EXTRACRANIAL PROCEDURES W/O CC/MCC,50174,SANTA ROSA MEMORIAL HOSPITAL,1165 MONTGOMERY DR,SANTA ROSA,CA,95405,CA - Santa Rosa,16,82480.75,8830.75,7773.50
039 - EXTRACRANIAL PROCEDURES W/O CC/MCC,50179,EMANUEL MEDICAL CENTER INC,825 DELBON AVE,TURLOCK,CA,95382,CA - Modesto,15,57258.73,7714.13,6888.26
039 - EXTRACRANIAL PROCEDURES W/O CC/MCC,50485,LONG BEACH MEMORIAL MEDICAL CENTER,2801 ATLANTIC AVE,LONG BEACH,CA,90806,CA - Los Angeles,23,51813.13,8349.60,5585.21
039 - EXTRACRANIAL PROCEDURES W/O CC/MCC,50180,JOHN MUIR MEDICAL CENTER - WALNUT CREEK CAMPUS,1601 YGNACIO VALLEY RD,WALNUT CREEK,CA,94598,CA - Contra Costa County,20,85165.10,12355.85,6776.50
039 - EXTRACRANIAL PROCEDURES W/O CC/MCC,50197,SEQUOIA HOSPITAL,170 ALAMEDA DE LAS PULGAS,REDWOOD CITY,CA,94062,CA - San Mateo County,19,94693.84,8682.94,6084.89
039 - EXTRACRANIAL PROCEDURES W/O CC/MCC,50222,SHARP CHULA VISTA MEDICAL CENTER,751 MEDICAL CENTER COURT,CHULA VISTA,CA,91911,CA - San Diego,13,55232.69,8104.38,7410.23
039 - EXTRACRANIAL PROCEDURES W/O CC/MCC,50224,HOAG MEMORIAL HOSPITAL PRESBYTERIAN,ONE HOAG DRIVE,NEWPORT BEACH,CA,92663,CA - Orange County,34,29350.85,6511.29,5386.02
039 - EXTRACRANIAL PROCEDURES W/O CC/MCC,50225,FEATHER RIVER HOSPITAL,5974 PENTZ ROAD,PARADISE,CA,95969,CA - Chico,12,60022.58,7122.00,6278.33
039 - EXTRACRANIAL PROCEDURES W/O CC/MCC,50232,FRENCH HOSPITAL MEDICAL CENTER,1911 JOHNSON AVE,SAN LUIS OBISPO,CA,93401,CA - San Luis Obispo,18,64419.66,7185.44,6249.22
039 - EXTRACRANIAL PROCEDURES W/O CC/MCC,50235,PROVIDENCE SAINT JOSEPH MEDICAL CTR,501 SOUTH BUENA VISTA,BURBANK,CA,91505,CA - Los Angeles,31,101282.03,8294.93,7639.70
039 - EXTRACRANIAL PROCEDURES W/O CC/MCC,50238,METHODIST HOSPITAL OF SOUTHERN CA,300 W HUNTINGTON DR,ARCADIA,CA,91006,CA - Los Angeles,11,30027.54,7733.00,7024.27
039 - EXTRACRANIAL PROCEDURES W/O CC/MCC,50243,DESERT REGIONAL MEDICAL CENTER,1150 NORTH INDIAN CANYON DRIVE,PALM SPRINGS,CA,92262,CA - Palm Springs/Rancho M,12,88175.00,8766.83,5902.50
039 - EXTRACRANIAL PROCEDURES W/O CC/MCC,50262,RONALD REAGAN UCLA MEDICAL CENTER,757 WESTWOOD PLAZA,LOS ANGELES,CA,90095,CA - Los Angeles,13,36730.69,11899.76,10946.84
039 - EXTRACRANIAL PROCEDURES W/O CC/MCC,50280,MERCY MEDICAL CENTER REDDING,"2175 ROSALINE AVE, CLAIRMONT HGTS",REDDING,CA,96001,CA - Redding,75,48567.22,8668.09,7251.45
039 - EXTRACRANIAL PROCEDURES W/O CC/MCC,50290,SAINT JOHN'S HEALTH CENTER,2121 SANTA MONICA BLVD,SANTA MONICA,CA,90404,CA - Los Angeles,22,26209.54,6483.00,5512.63
039 - EXTRACRANIAL PROCEDURES W/O CC/MCC,50291,SUTTER MEDICAL CENTER OF SANTA ROSA,3325 CHANATE RD,SANTA ROSA,CA,95404,CA - Santa Rosa,17,43000.11,10671.64,9880.11
039 - EXTRACRANIAL PROCEDURES W/O CC/MCC,50295,MERCY HOSPITAL,2215 TRUXTUN AVENUE,BAKERSFIELD,CA,93301,CA - Bakersfield,11,48852.45,7049.09,5825.81
039 - EXTRACRANIAL PROCEDURES W/O CC/MCC,50308,EL CAMINO HOSPITAL,2500 GRANT ROAD,MOUNTAIN VIEW,CA,94040,CA - San Jose,12,59465.00,8180.00,7339.00
039 - EXTRACRANIAL PROCEDURES W/O CC/MCC,50309,SUTTER ROSEVILLE MEDICAL CENTER,ONE MEDICAL PLAZA,ROSEVILLE,CA,95661,CA - Sacramento,13,41204.23,8964.61,5847.00
039 - EXTRACRANIAL PROCEDURES W/O CC/MCC,50334,SALINAS VALLEY MEMORIAL HOSPITAL,450 EAST ROMIE LANE,SALINAS,CA,93901,CA - Salinas,17,53860.17,16744.82,7051.05
039 - EXTRACRANIAL PROCEDURES W/O CC/MCC,50351,TORRANCE MEMORIAL MEDICAL CENTER,3330 LOMITA BLVD,TORRANCE,CA,90509,CA - Los Angeles,17,30510.29,6793.64,5009.94
039 - EXTRACRANIAL PROCEDURES W/O CC/MCC,50360,MARIN GENERAL HOSPITAL,"250 BON AIR ROAD, PO BOX 8010",GREENBRAE,CA,94904,CA - San Francisco,32,62077.71,8526.00,7540.50
039 - EXTRACRANIAL PROCEDURES W/O CC/MCC,50380,GOOD SAMARITAN HOSPITAL,2425 SAMARITAN DRIVE,SAN JOSE,CA,95124,CA - San Jose,17,69223.47,11721.64,7132.82
039 - EXTRACRANIAL PROCEDURES W/O CC/MCC,50382,CITRUS VALLEY MEDICAL CENTER-IC CAMPUS,210 W  SAN BERNARDINO ROAD,COVINA,CA,91723,CA - Los Angeles,17,42287.47,9044.00,7859.88
039 - EXTRACRANIAL PROCEDURES W/O CC/MCC,50390,HEMET VALLEY MEDICAL CENTER,1117 EAST DEVONSHIRE,HEMET,CA,92543,CA - San Bernardino,19,36866.31,7513.31,6508.89
039 - EXTRACRANIAL PROCEDURES W/O CC/MCC,50394,COMMUNITY MEMORIAL HOSPITAL SAN BUENAVENTURA,147 N BRENT ST,VENTURA,CA,93003,CA - Ventura,21,60448.47,6967.23,6110.85
039 - EXTRACRANIAL PROCEDURES W/O CC/MCC,50396,SANTA BARBARA COTTAGE HOSPITAL,400 WEST PUEBLO,SANTA BARBARA,CA,93102,CA - Santa Barbara,28,37691.96,7533.50,6573.50
039 - EXTRACRANIAL PROCEDURES W/O CC/MCC,50424,SCRIPPS GREEN HOSPITAL,10666 NORTH TORREY PINES ROAD,LA JOLLA,CA,92037,CA - San Diego,11,62924.09,7309.81,6289.45
039 - EXTRACRANIAL PROCEDURES W/O CC/MCC,50438,HUNTINGTON MEMORIAL HOSPITAL,100 W  CALIFORNIA BLVD,PASADENA,CA,91109,CA - Los Angeles,19,31305.47,7804.00,6738.31
039 - EXTRACRANIAL PROCEDURES W/O CC/MCC,50441,STANFORD HOSPITAL,300 PASTEUR DRIVE,STANFORD,CA,94305,CA - San Mateo County,27,90836.48,12396.29,11483.40
039 - EXTRACRANIAL PROCEDURES W/O CC/MCC,50464,DOCTORS MEDICAL CENTER,1441 FLORIDA AVENUE,MODESTO,CA,95350,CA - Modesto,35,72225.31,8882.77,7953.97
039 - EXTRACRANIAL PROCEDURES W/O CC/MCC,50481,WEST HILLS HOSPITAL & MEDICAL CENTER,7300 MEDICAL CENTER DR,WEST HILLS,CA,91307,CA - Los Angeles,16,64346.68,6770.06,5718.81
039 - EXTRACRANIAL PROCEDURES W/O CC/MCC,50496,JOHN MUIR MEDICAL CENTER - CONCORD CAMPUS,2540 EAST ST,CONCORD,CA,94520,CA - Contra Costa County,20,79033.50,8485.00,7582.60
039 - EXTRACRANIAL PROCEDURES W/O CC/MCC,50516,MERCY SAN JUAN MEDICAL CENTER,6501 COYLE AVE,CARMICHAEL,CA,95608,CA - Sacramento,39,54446.46,9882.15,7246.15
039 - EXTRACRANIAL PROCEDURES W/O CC/MCC,50549,LOS ROBLES HOSPITAL & MEDICAL CENTER,215 W JANSS RD,THOUSAND OAKS,CA,91360,CA - Ventura,11,56328.90,7835.00,6914.63
039 - EXTRACRANIAL PROCEDURES W/O CC/MCC,50551,LOS ALAMITOS MEDICAL CENTER,3751 KATELLA AVENUE,LOS ALAMITOS,CA,90720,CA - Orange County,13,64229.61,6719.38,5177.23
039 - EXTRACRANIAL PROCEDURES W/O CC/MCC,50557,MEMORIAL  MEDICAL CENTER,1700 COFFEE RD,MODESTO,CA,95355,CA - Modesto,41,60264.97,7457.39,6440.51
039 - EXTRACRANIAL PROCEDURES W/O CC/MCC,50573,EISENHOWER MEDICAL CENTER,39-000 BOB HOPE DRIVE,RANCHO MIRAGE,CA,92270,CA - Palm Springs/Rancho M,53,50977.01,6519.71,5129.47
039 - EXTRACRANIAL PROCEDURES W/O CC/MCC,50599,UNIVERSITY OF CALIFORNIA DAVIS MEDICAL CENTER,2315 STOCKTON BOULEVARD,SACRAMENTO,CA,95817,CA - Sacramento,13,146892.00,11514.38,9758.30
039 - EXTRACRANIAL PROCEDURES W/O CC/MCC,50603,SADDLEBACK MEMORIAL MEDICAL CENTER,24451 HEALTH CENTER DRIVE,LAGUNA HILLS,CA,92653,CA - Orange County,14,44761.50,6496.42,5533.00
039 - EXTRACRANIAL PROCEDURES W/O CC/MCC,50625,CEDARS-SINAI MEDICAL CENTER,8700 BEVERLY BLVD,LOS ANGELES,CA,90048,CA - Los Angeles,40,72784.00,9754.92,7705.97
039 - EXTRACRANIAL PROCEDURES W/O CC/MCC,50701,SOUTHWEST HEALTHCARE SYSTEM,25500 MEDICAL CENTER DRIVE,MURRIETA,CA,92562,CA - San Diego,14,26258.00,7244.28,6283.14
039 - EXTRACRANIAL PROCEDURES W/O CC/MCC,50732,FRESNO HEART AND SURGICAL HOSPITAL,15 EAST AUDUBON DRIVE,FRESNO,CA,93720,CA - Fresno,66,20227.66,6390.25,5352.77
039 - EXTRACRANIAL PROCEDURES W/O CC/MCC,50757,ALVARADO HOSPITAL MEDICAL CENTER,6655 ALVARADO ROAD,SAN DIEGO,CA,92120,CA - San Diego,15,31017.06,7199.80,6249.06
039 - EXTRACRANIAL PROCEDURES W/O CC/MCC,50761,PROVIDENCE TARZANA MEDICAL CENTER,18321 CLARK STREET,TARZANA,CA,91356,CA - Los Angeles,48,70478.25,7174.89,6066.95
039 - EXTRACRANIAL PROCEDURES W/O CC/MCC,50764,SHASTA REGIONAL MEDICAL CENTER,1100 BUTTE ST,REDDING,CA,96001,CA - Redding,13,74093.92,7852.00,6814.46
039 - EXTRACRANIAL PROCEDURES W/O CC/MCC,60001,NORTH COLORADO MEDICAL CENTER,1801 16TH STREET,GREELEY,CO,80631,CO - Greeley,16,33135.68,8359.12,5379.06
039 - EXTRACRANIAL PROCEDURES W/O CC/MCC,60013,MERCY REGIONAL MEDICAL CENTER,1010 THREE SPRINGS BLVD,DURANGO,CO,81301,NM - Albuquerque,11,26928.54,7578.63,6658.27
039 - EXTRACRANIAL PROCEDURES W/O CC/MCC,60014,PRESBYTERIAN/ST LUKE'S MEDICAL CENTER,1719 E 19TH AVE,DENVER,CO,80218,CO - Denver,20,46569.30,7570.95,6615.15
039 - EXTRACRANIAL PROCEDURES W/O CC/MCC,60020,PARKVIEW MEDICAL CENTER INC,400 W 16TH STREET,PUEBLO,CO,81003,CO - Pueblo,33,37752.30,6259.96,5077.21
039 - EXTRACRANIAL PROCEDURES W/O CC/MCC,60022,MEMORIAL HOSPITAL CENTRAL,1400 E BOULDER ST,COLORADO SPRING,CO,80909,CO - Colorado Springs,56,27170.46,6627.89,5011.08
039 - EXTRACRANIAL PROCEDURES W/O CC/MCC,60023,ST MARYS HOSPITAL AND MEDICAL CENTER,2635 N 7TH STREET,GRAND JUNCTION,CO,81502,CO - Grand Junction,38,22619.02,6945.57,5914.73
039 - EXTRACRANIAL PROCEDURES W/O CC/MCC,60031,CENTURA HEALTH-PENROSE ST FRANCIS HEALTH SERVICES,2222 N NEVADA AVE,COLORADO SPRING,CO,80907,CO - Colorado Springs,17,33369.76,5925.94,4999.35
039 - EXTRACRANIAL PROCEDURES W/O CC/MCC,60064,CENTURA HEALTH-PORTER ADVENTIST HOSPITAL,2525 S DOWNING ST,DENVER,CO,80210,CO - Denver,19,33355.73,6119.68,5113.57
039 - EXTRACRANIAL PROCEDURES W/O CC/MCC,60100,"MEDICAL CENTER OF AURORA, THE",1501 S POTOMAC ST,AURORA,CO,80012,CO - Denver,20,63986.40,8613.80,4841.60
039 - EXTRACRANIAL PROCEDURES W/O CC/MCC,60119,MEDICAL CENTER OF THE ROCKIES,2500 ROCKY MOUNTAIN AVENUE,LOVELAND,CO,80538,CO - Greeley,25,27634.88,6517.68,4589.28
039 - EXTRACRANIAL PROCEDURES W/O CC/MCC,70001,HOSPITAL OF ST RAPHAEL,1450 CHAPEL ST,NEW HAVEN,CT,6511,CT - New Haven,50,18103.18,8099.68,7112.92
039 - EXTRACRANIAL PROCEDURES W/O CC/MCC,70002,ST FRANCIS HOSPITAL & MEDICAL CENTER,114 WOODLAND STREET,HARTFORD,CT,6105,CT - Hartford,38,13479.31,8025.13,6663.86
039 - EXTRACRANIAL PROCEDURES W/O CC/MCC,70010,BRIDGEPORT HOSPITAL,267 GRANT STREET,BRIDGEPORT,CT,6610,CT - Bridgeport,14,27697.57,8972.35,7870.85
039 - EXTRACRANIAL PROCEDURES W/O CC/MCC,70012,ROCKVILLE GENERAL HOSPITAL,31 UNION ST,ROCKVILLE,CT,6066,CT - Hartford,11,16060.63,6675.90,5967.18
039 - EXTRACRANIAL PROCEDURES W/O CC/MCC,70016,SAINT MARYS HOSPITAL,56 FRANKLIN ST,WATERBURY,CT,6706,CT - New Haven,22,21229.09,7907.18,6657.90
039 - EXTRACRANIAL PROCEDURES W/O CC/MCC,70017,MIDSTATE MEDICAL CENTER,435 LEWIS AVE,MERIDEN,CT,6450,CT - New Haven,19,18847.68,7002.68,6056.15
039 - EXTRACRANIAL PROCEDURES W/O CC/MCC,70018,GREENWICH HOSPITAL ASSOCIATION,5 PERRYRIDGE RD,GREENWICH,CT,6830,CT - Bridgeport,15,38982.66,7268.13,6519.86
039 - EXTRACRANIAL PROCEDURES W/O CC/MCC,70020,MIDDLESEX HOSPITAL,28 CRESCENT ST,MIDDLETOWN,CT,6457,CT - Hartford,29,20848.20,8417.00,5762.82
039 - EXTRACRANIAL PROCEDURES W/O CC/MCC,70022,YALE-NEW HAVEN HOSPITAL,20 YORK ST,NEW HAVEN,CT,6504,CT - New Haven,23,27901.34,9685.26,8252.26
039 - EXTRACRANIAL PROCEDURES W/O CC/MCC,70024,WILLIAM W BACKUS HOSPITAL,326 WASHINGTON ST,NORWICH,CT,6360,CT - Hartford,24,16739.37,7333.66,5695.79
039 - EXTRACRANIAL PROCEDURES W/O CC/MCC,70025,HARTFORD HOSPITAL,80 SEYMOUR STREET,HARTFORD,CT,6102,CT - Hartford,57,23753.66,8891.61,7524.05
039 - EXTRACRANIAL PROCEDURES W/O CC/MCC,70028,ST VINCENT'S MEDICAL CENTER,2800 MAIN ST,BRIDGEPORT,CT,6606,CT - Bridgeport,20,17413.75,7815.20,6917.60
039 - EXTRACRANIAL PROCEDURES W/O CC/MCC,70033,DANBURY HOSPITAL,24 HOSPITAL AVE,DANBURY,CT,6810,CT - New Haven,34,21274.47,7875.05,6294.47
039 - EXTRACRANIAL PROCEDURES W/O CC/MCC,70034,NORWALK HOSPITAL ASSOCIATION,24 STEVENS STREET,NORWALK,CT,6856,CT - Bridgeport,16,22336.68,8566.43,6469.56
039 - EXTRACRANIAL PROCEDURES W/O CC/MCC,70035,"HOSPITAL OF CENTRAL CONNECTICUT, THE",100 GRAND STREET,NEW BRITAIN,CT,6050,CT - Hartford,12,19812.50,7623.25,6871.25
039 - EXTRACRANIAL PROCEDURES W/O CC/MCC,80001,"CHRISTIANA CARE HEALTH SERVICES, INC.",4755 OGLETOWN-STANTON ROAD,NEWARK,DE,19718,DE - Wilmington,90,14336.66,7494.76,6071.21
039 - EXTRACRANIAL PROCEDURES W/O CC/MCC,80004,BAYHEALTH - KENT GENERAL HOSPITAL,640 S STATE STREET,DOVER,DE,19901,DE - Wilmington,13,18353.30,6672.69,5550.53
039 - EXTRACRANIAL PROCEDURES W/O CC/MCC,80007,BEEBE MEDICAL CENTER,424 SAVANNAH RD,LEWES,DE,19958,MD - Salisbury,41,39209.60,7217.19,5536.21
039 - EXTRACRANIAL PROCEDURES W/O CC/MCC,90001,GEORGE WASHINGTON UNIV HOSPITAL,900 23RD ST NW,WASHINGTON,DC,20037,DC - Washington,11,57137.45,10582.81,8871.00
039 - EXTRACRANIAL PROCEDURES W/O CC/MCC,90004,GEORGETOWN UNIVERSITY HOSPITAL,3800 RESERVOIR RD,WASHINGTON,DC,20007,DC - Washington,14,48336.14,9479.57,8680.14
039 - EXTRACRANIAL PROCEDURES W/O CC/MCC,90011,WASHINGTON HOSPITAL CENTER,110 IRVING ST NW,WASHINGTON,DC,20010,DC - Washington,22,36636.04,8419.54,6781.31
039 - EXTRACRANIAL PROCEDURES W/O CC/MCC,100002,BETHESDA MEMORIAL HOSPITAL,2815 S SEACREST BLVD,BOYNTON BEACH,FL,33435,FL - Fort Lauderdale,23,40686.73,6523.78,5339.82
039 - EXTRACRANIAL PROCEDURES W/O CC/MCC,100006,ORLANDO HEALTH,1414 S KUHL AVE,ORLANDO,FL,32806,FL - Orlando,40,43779.57,6849.75,5685.77
039 - EXTRACRANIAL PROCEDURES W/O CC/MCC,100007,FLORIDA HOSPITAL,601 E ROLLINS ST,ORLANDO,FL,32803,FL - Orlando,93,33949.48,6845.37,5042.31
039 - EXTRACRANIAL PROCEDURES W/O CC/MCC,100012,LEE MEMORIAL HOSPITAL,2776 CLEVELAND AVE,FORT MYERS,FL,33901,FL - Fort Myers,70,31951.05,6382.40,4921.15
039 - EXTRACRANIAL PROCEDURES W/O CC/MCC,100017,HALIFAX HEALTH MEDICAL CENTER,303 N CLYDE MORRIS BLVD,DAYTONA BEACH,FL,32114,FL - Ormond Beach,55,19028.00,7061.41,4850.74
039 - EXTRACRANIAL PROCEDURES W/O CC/MCC,100018,NAPLES COMMUNITY HOSPITAL,350 7TH ST N,NAPLES,FL,34102,FL - Fort Myers,51,28986.15,6483.64,4674.39
039 - EXTRACRANIAL PROCEDURES W/O CC/MCC,100019,HOLMES REGIONAL MEDICAL CENTER,1350 S HICKORY ST,MELBOURNE,FL,32901,FL - Orlando,36,27803.88,6449.05,4001.66
039 - EXTRACRANIAL PROCEDURES W/O CC/MCC,100023,CITRUS MEMORIAL HOSPITAL,502 HIGHLAND BLVD,INVERNESS,FL,34452,FL - Ocala,33,23012.81,5354.00,4369.87
039 - EXTRACRANIAL PROCEDURES W/O CC/MCC,100025,SACRED HEART HOSPITAL,5151 N 9TH AVE,PENSACOLA,FL,32504,FL - Pensacola,53,23985.66,6403.96,5471.43
039 - EXTRACRANIAL PROCEDURES W/O CC/MCC,100026,BAY MEDICAL CENTER,615 N BONITA AVE,PANAMA CITY,FL,32401,FL - Panama City,33,21907.90,5837.63,4520.21
039 - EXTRACRANIAL PROCEDURES W/O CC/MCC,100028,PARRISH MEDICAL CENTER,951 N WASHINGTON AVE,TITUSVILLE,FL,32796,FL - Orlando,20,33542.95,5709.10,4701.50
039 - EXTRACRANIAL PROCEDURES W/O CC/MCC,100034,MOUNT SINAI MEDICAL CENTER,4300 ALTON RD,MIAMI BEACH,FL,33140,FL - Miami,11,35185.81,7558.90,6092.63
039 - EXTRACRANIAL PROCEDURES W/O CC/MCC,100035,MANATEE MEMORIAL HOSPITAL,206 2ND ST E,BRADENTON,FL,34208,FL - Bradenton,24,45774.58,6301.66,5253.87
039 - EXTRACRANIAL PROCEDURES W/O CC/MCC,100038,MEMORIAL REGIONAL HOSPITAL,3501 JOHNSON ST,HOLLYWOOD,FL,33021,FL - Miami,14,66214.78,7246.35,6280.64
039 - EXTRACRANIAL PROCEDURES W/O CC/MCC,100040,ST VINCENT'S MEDICAL CENTER,1 SHIRCLIFF WAY,JACKSONVILLE,FL,32204,FL - Jacksonville,88,22969.60,5777.48,4560.15
039 - EXTRACRANIAL PROCEDURES W/O CC/MCC,100044,MARTIN MEMORIAL MEDICAL CENTER,200 SE HOSPITAL AVE,STUART,FL,34995,FL - Fort Lauderdale,54,34607.11,5983.00,4898.25
039 - EXTRACRANIAL PROCEDURES W/O CC/MCC,100046,FLORIDA HOSPITAL ZEPHYRHILLS,7050 GALL BLVD,ZEPHYRHILLS,FL,33541,FL - Tampa,20,39643.55,5570.00,4619.00
039 - EXTRACRANIAL PROCEDURES W/O CC/MCC,100047,CHARLOTTE REGIONAL MEDICAL CENTER,809 E MARION AVE,PUNTA GORDA,FL,33950,FL - Fort Myers,30,33495.60,5422.00,4594.00
039 - EXTRACRANIAL PROCEDURES W/O CC/MCC,100049,HIGHLANDS REGIONAL MEDICAL CENTER,3600 S HIGHLANDS AVE,SEBRING,FL,33870,FL - Orlando,13,51589.38,5754.38,4148.00
039 - EXTRACRANIAL PROCEDURES W/O CC/MCC,100052,WINTER HAVEN HOSPITAL,200 AVE F NE,WINTER HAVEN,FL,33881,FL - Orlando,30,50103.06,6119.00,4412.13
039 - EXTRACRANIAL PROCEDURES W/O CC/MCC,100057,FLORIDA HOSPITAL WATERMAN,1000 WATERMAN WAY,TAVARES,FL,32778,FL - Orlando,28,27309.60,5625.50,4701.35
039 - EXTRACRANIAL PROCEDURES W/O CC/MCC,100062,MUNROE REGIONAL MEDICAL CENTER,1500 SW 1ST AVE,OCALA,FL,34474,FL - Ocala,71,37153.53,5530.19,4290.47
039 - EXTRACRANIAL PROCEDURES W/O CC/MCC,100067,ST ANTHONY'S HOSPITAL,1200 7TH AVENUE NORTH,SAINT PETERSBUR,FL,33705,FL - St. Petersburg,41,26828.19,5689.87,4704.51
039 - EXTRACRANIAL PROCEDURES W/O CC/MCC,100068,FLORIDA HOSPITAL MEMORIAL MEDICAL CENTER,301 MEMORIAL MEDICAL PARKWAY,DAYTONA BEACH,FL,32117,FL - Ormond Beach,56,20658.80,5598.46,4611.96
039 - EXTRACRANIAL PROCEDURES W/O CC/MCC,100070,VENICE REGIONAL MEDICAL CENTER,540 THE RIALTO,VENICE,FL,34285,FL - Sarasota,49,32372.38,5511.06,4573.00
039 - EXTRACRANIAL PROCEDURES W/O CC/MCC,100071,BROOKSVILLE REGIONAL HOSPITAL,17240 CORTEZ BLVD,BROOKSVILLE,FL,34601,FL - Hudson,17,68777.29,6134.05,5139.00
039 - EXTRACRANIAL PROCEDURES W/O CC/MCC,100072,FLORIDA HOSPITAL FISH MEMORIAL,1055 SAXON BLVD,ORANGE CITY,FL,32763,FL - Orlando,16,22876.68,7314.68,4357.43
039 - EXTRACRANIAL PROCEDURES W/O CC/MCC,100073,HOLY CROSS HOSPITAL INC,4725 N FEDERAL HWY,FORT LAUDERDALE,FL,33308,FL - Fort Lauderdale,19,53197.36,5892.26,4884.47
039 - EXTRACRANIAL PROCEDURES W/O CC/MCC,100075,ST JOSEPH'S HOSPITAL,3001 W MARTIN LUTHER KING JR BLVD,TAMPA,FL,33677,FL - Tampa,27,30112.96,6619.00,5575.59
039 - EXTRACRANIAL PROCEDURES W/O CC/MCC,100077,PEACE RIVER REGIONAL MEDICAL CENTER,2500 HARBOR BLVD,PORT CHARLOTTE,FL,33952,FL - Fort Myers,16,39059.62,5840.75,4931.00
039 - EXTRACRANIAL PROCEDURES W/O CC/MCC,100084,LEESBURG REGIONAL MEDICAL CENTER,600 E DIXIE AVE,LEESBURG,FL,34748,FL - Orlando,66,20457.98,5664.03,4639.18
039 - EXTRACRANIAL PROCEDURES W/O CC/MCC,100087,SARASOTA MEMORIAL HOSPITAL,1700 S TAMIAMI TRL,SARASOTA,FL,34239,FL - Sarasota,92,26361.33,5689.80,4666.79
039 - EXTRACRANIAL PROCEDURES W/O CC/MCC,100088,BAPTIST MEDICAL CENTER,800 PRUDENTIAL DR,JACKSONVILLE,FL,32207,FL - Jacksonville,103,21729.69,6745.63,4615.54
039 - EXTRACRANIAL PROCEDURES W/O CC/MCC,100090,FLAGLER HOSPITAL,400 HEALTH PARK BLVD,SAINT AUGUSTINE,FL,32086,FL - Jacksonville,51,36031.60,7055.78,5327.05
039 - EXTRACRANIAL PROCEDURES W/O CC/MCC,100092,WUESTHOFF MEDICAL CENTER  ROCKLEDGE,110 LONGWOOD AVE,ROCKLEDGE,FL,32955,FL - Orlando,43,31092.09,5847.81,4480.62
039 - EXTRACRANIAL PROCEDURES W/O CC/MCC,100093,BAPTIST HOSPITAL,1000 W MORENO ST,PENSACOLA,FL,32501,FL - Pensacola,24,33010.75,5883.75,4682.00
039 - EXTRACRANIAL PROCEDURES W/O CC/MCC,100099,LAKE WALES MEDICAL CENTER,410 S 11TH ST,LAKE WALES,FL,33853,FL - Orlando,11,70446.09,5519.63,4596.36
